Issue Type,Summary,Description,Priority,Labels,Components,Epic Name,Epic Link,Story Points,Original Estimate,Planned Sprint,Plan ID,Depends On,Acceptance Criteria
Epic,Establish reliable TMDB movie data ingestion,"Deliver a repeatable and observable acquisition path from TMDB into the raw movie catalog. Scope covers credentials, API behavior, persisted output, and failure handling.",High,"data;ingestion","Data Pipeline","Data Acquisition and Reliability",,,,"Backlog","CM-E01",,"Raw movie payloads are persisted in the agreed schema; transient and permanent API failures are distinguishable; no credentials are committed."
Story,Configure TMDB credentials and extraction inputs,"Read the API credential from environment configuration and validate extraction range and output path before network calls.",High,"data;ingestion","Data Pipeline",,"Data Acquisition and Reliability",3,1d,"Sprint 1","CM-101",,"Missing credentials or invalid ranges produce an explicit actionable error; valid settings are used without exposing the credential in logs."
Story,Make TMDB extraction resilient and rate-limit aware,"Handle request timeouts, HTTP errors, 429 responses, and retry delays explicitly; preserve progress and continue only for documented recoverable cases.",High,"data;reliability","Data Pipeline",,"Data Acquisition and Reliability",5,2d,"Sprint 1","CM-102","CM-101","429 and transient failures use bounded backoff; non-retryable errors are reported; failed movie IDs are observable; extraction completes without silently swallowing unexpected exceptions."
Story,Validate and persist the raw TMDB response contract,"Check that the fetched response contains the fields required downstream and write valid JSON atomically with extraction metadata.",High,"data;schema","Data Pipeline",,"Data Acquisition and Reliability",3,1d,"Sprint 1","CM-103","CM-101","Raw output is valid UTF-8 JSON with metadata and movie records; malformed responses are counted and reported; partial output is not presented as a successful complete run."
Story,Support resumable extraction runs,"Record completed and failed IDs so an interrupted range can be retried without refetching all successful records.",Medium,"data;reliability","Data Pipeline",,"Data Acquisition and Reliability",5,2d,"Sprint 2","CM-104","CM-102;CM-103","Restarting a run can resume from recorded progress; duplicate movie IDs are not introduced; resume state is documented and can be safely reset."
Epic,Create a validated and analysis-ready movie dataset,"Turn raw API records into consistent processed data with explicit schema, duplicate handling, null policies, and validation.",High,"data;quality","Data Pipeline","Data Quality and Preparation",,,,"Backlog","CM-E02",,"Clean output follows a documented schema; invalid records and transformations are measured; automated tests cover data quality rules."
Story,Define the canonical movie dataset schema,"Document required and optional movie fields, types, nullability, list-valued fields, and output formats used by the pipeline.",High,"data;schema","Data Quality",,"Data Quality and Preparation",3,1d,"Sprint 1","CM-201",,"Schema matches fields produced by extraction and consumed downstream; required-field failures are explicit; schema documentation includes types and null policy."
Story,Make cleaning transformations null-safe and deterministic,"Harden genre and keyword normalization, duplicate removal, date conversion, numeric coercion, and output directory creation for missing or malformed values.",High,"data;quality","Data Quality",,"Data Quality and Preparation",5,2d,"Sprint 1","CM-202","CM-201","Cleaning handles absent optional columns and null or malformed nested values without crashing; repeated runs produce equivalent results; duplicate movie IDs are removed."
Story,Apply and document missing-value and range policies,"Specify per-field handling for runtime, budget, revenue, ratings, and dates; report records changed or excluded by each rule.",High,"data;quality","Data Quality",,"Data Quality and Preparation",5,2d,"Sprint 2","CM-203","CM-201;CM-202","Policies are documented and tested; invalid runtime and out-of-range values are handled consistently; imputations do not silently change unrelated columns."
Story,Add automated tests for extraction cleaning and validation,"Create unit tests with small fixture datasets covering valid, empty, malformed, duplicate, missing, and boundary-value records.",High,"testing;data","Quality Engineering",,"Data Quality and Preparation",5,2d,"Sprint 2","CM-204","CM-202;CM-203","Tests run offline without TMDB credentials or a live MongoDB service; all defined data rules have positive and negative test cases."
Epic,Prepare and persist reusable movie features,"Generate consistent date, genre, keyword, budget, popularity, and engagement features and store catalog records reproducibly in MongoDB.",High,"features;database","Data Platform","Feature Engineering and Persistence",,,,"Backlog","CM-E03",,"Feature generation has a tested input/output contract; MongoDB configuration is environment based; repeated pipeline runs do not leave duplicate or stale records."
Story,Make feature generation robust to incomplete catalog fields,"Guard date parsing, null genre and keyword values, invalid numeric data, and bin boundaries in feature engineering.",High,"features;quality","Data Platform",,"Feature Engineering and Persistence",5,2d,"Sprint 2","CM-301","CM-201;CM-203","Feature generation succeeds on valid cleaned fixtures with optional values missing; output feature columns and types are documented and stable."
Story,Externalize and verify MongoDB connection settings,"Read the MongoDB URI and database/collection names from environment configuration and provide clear connection failure reporting.",High,"database;configuration","Data Platform",,"Feature Engineering and Persistence",3,1d,"Sprint 2","CM-302",,"Local and container deployments use configuration rather than hard-coded credentials; invalid connection settings fail clearly; secrets are absent from logs and source."
Story,Make MongoDB catalog loads idempotent,"Replace delete-all then insert behavior with an upsert or staging-and-swap strategy keyed by movie_id, with duplicate and empty-input safeguards.",High,"database;reliability","Data Platform",,"Feature Engineering and Persistence",5,2d,"Sprint 3","CM-303","CM-302;CM-301","Re-running the same load yields one record per movie ID; a failed load does not silently erase the previous good catalog; empty input is rejected and reported."
Story,Verify stored catalog against the canonical schema,"Add post-load counts and required-field checks and expose clear success/failure details to the pipeline.",Medium,"database;quality","Data Platform",,"Feature Engineering and Persistence",3,1d,"Sprint 3","CM-304","CM-303;CM-201","Load result count matches accepted input count; duplicate IDs and required-field violations are reported; verification failure makes the task fail."
Epic,Deliver a validated audience-engagement classifier,"Train, compare, save, and serve a reproducible high-engagement model with leakage-safe evaluation and documented metrics.",High,"ml;classification","Machine Learning","Audience Engagement Classification",,,,"Backlog","CM-E04",,"Target definition and evaluation are documented; model selection uses validation data only; saved model loads and predicts using the same feature contract."
Story,Define the high-engagement target and prevent leakage,"Confirm the vote-count quantile target and exclude target-derived or post-outcome fields from model inputs before any fitting.",High,"ml;classification;quality","Machine Learning",,"Audience Engagement Classification",5,2d,"Sprint 3","CM-401","CM-301","Target threshold is calculated from training data only; target and leakage-prone fields are excluded from predictors; class balance and target definition are recorded."
Story,Build reproducible classification evaluation,"Compare the supported classifiers with stratified train/test and cross-validation; report precision, recall, F1, ROC-AUC, and confusion matrices.",High,"ml;evaluation","Machine Learning",,"Audience Engagement Classification",5,2d,"Sprint 3","CM-402","CM-401","All models use consistent splits and metrics; random seeds and fold strategy are fixed; metrics are saved or reproducibly emitted; selection criterion is explicit."
Story,Select and serialize the validated classifier bundle,"Choose the best validated model, refit only after selection, and persist the estimator with feature metadata and version information.",High,"ml;model","Machine Learning",,"Audience Engagement Classification",3,1d,"Sprint 4","CM-403","CM-402","Model artifact is written to the documented path; it can be loaded in a clean process; bundle includes model name and feature/target metadata; failed training does not overwrite a valid artifact."
Story,Add prediction contract and model smoke tests,"Validate expected input columns and output probabilities and add a smoke test using a saved or fixture model artifact.",High,"ml;testing","Machine Learning",,"Audience Engagement Classification",3,1d,"Sprint 4","CM-404","CM-403","Known valid input yields finite predictions with documented output shape; missing required inputs produce a clear error; test does not retrain the full model."
Epic,Make movie clustering interpretable and repeatable,"Produce meaningful movie groups, select cluster count with a documented metric, and expose cluster profiles and representatives.",Medium,"ml;clustering","Machine Learning","Movie Clustering and Segmentation",,,,"Backlog","CM-E05",,"Cluster selection and feature inputs are reproducible; results include interpretable profiles and representative movies; low-data edge cases are handled."
Story,Stabilize clustering preprocessing and candidate selection,"Reuse a documented feature pipeline, handle sparse and missing inputs, and validate eligible cluster counts before fitting K-Means.",Medium,"ml;clustering","Machine Learning",,"Movie Clustering and Segmentation",5,2d,"Sprint 4","CM-501","CM-301","Repeated runs with the same data and seed yield consistent results; invalid candidate cluster counts are skipped or rejected explicitly; silhouette scoring is only performed when mathematically valid."
Story,Generate cluster profiles and representative movies,"Calculate cluster sizes, key numeric summaries, common genres and keywords, and nearest representative titles from fitted assignments.",Medium,"ml;clustering;analytics","Machine Learning",,"Movie Clustering and Segmentation",3,1d,"Sprint 4","CM-502","CM-501","Each non-empty cluster has a summary and representative titles; missing profile columns do not crash the report; outputs identify cluster IDs."
Epic,Provide content-based movie recommendations,"Build and serve TF-IDF recommendations from movie overviews with robust handling for empty text, unknown terms, and ranking ties.",High,"recommendations;nlp","Recommendation","Content-Based Recommendations",,,,"Backlog","CM-E06",,"Recommender artifacts are generated from the current catalog; queries return deterministic relevant titles; empty or out-of-vocabulary inputs show helpful guidance."
Story,Build versioned TF-IDF recommendation artifacts,"Clean overview text, exclude unusable records, fit the vectorizer, and persist aligned movie metadata and sparse vectors.",High,"recommendations;nlp","Recommendation",,"Content-Based Recommendations",5,2d,"Sprint 4","CM-601","CM-301","Vectorizer, sparse matrix, and movie rows have identical ordering and compatible dimensions; empty overview rows are excluded and counted; artifacts are written to documented paths."
Story,Implement robust recommendation ranking and limits,"Rank positive cosine-similarity results, handle empty query vectors and empty catalogs, and ensure returned results respect the requested limit.",High,"recommendations;quality","Recommendation",,"Content-Based Recommendations",3,1d,"Sprint 5","CM-602","CM-601","Results are ordered by descending similarity; no-match and unusable-query cases return explicit user feedback; result count never exceeds configured limit."
Story,Test recommendation relevance and artifact compatibility,"Add tests for text cleanup, exact/partial matches, no vocabulary match, empty catalog, ranking order, and stale or incompatible artifacts.",Medium,"recommendations;testing","Recommendation",,"Content-Based Recommendations",3,1d,"Sprint 5","CM-603","CM-601;CM-602","Offline tests verify ranking and edge cases; incompatible artifact shapes raise a clear error; test fixtures do not require a live database."
Epic,Deliver the CineMind analytics dashboard,"Present the catalog overview, engagement predictions, on-demand clusters, and content recommendations in a usable Streamlit experience.",High,"dashboard;ux","Dashboard","Analytics Dashboard",,,,"Backlog","CM-E07",,"Core dashboard workflows work from documented data sources; filters and user inputs are validated; unavailable data or models are explained without crashing."
Story,Complete catalog overview and filter experience,"Show key catalog metrics and existing visualizations with genre, release-year, and minimum-rating filters applied consistently to the table and charts.",High,"dashboard;analytics","Dashboard",,"Analytics Dashboard",5,2d,"Sprint 5","CM-701","CM-301","Filters update visible catalog results consistently; empty filter results show a clear empty state; missing optional fields do not crash the overview."
Story,Integrate classifier and explain prediction results,"Allow selecting a movie and display its high-engagement prediction/score with a clear explanation of what the score represents.",High,"dashboard;ml","Dashboard",,"Analytics Dashboard",3,1d,"Sprint 5","CM-702","CM-404","Prediction uses the saved model bundle and expected feature columns; absent model artifact gives actionable guidance; invalid selection is handled safely."
Story,Integrate clustering workflow and readable results,"Run clustering on demand and display cluster sizes, profiles, map, and representative titles with progress or failure feedback.",Medium,"dashboard;ml","Dashboard",,"Analytics Dashboard",3,1d,"Sprint 5","CM-703","CM-501;CM-502","User can trigger a cluster run; output includes summaries and representative titles; too-small or invalid catalogs show a clear message."
Story,Integrate movie-based content recommendations,"Let a user choose or search a seed movie and show ranked recommendations with match scores and a no-results state.",High,"dashboard;recommendations","Dashboard",,"Analytics Dashboard",5,2d,"Sprint 5","CM-704","CM-602;CM-603","Recommendations render in descending score order; unavailable artifacts and no matches are explained; selected seed movie is excluded from its own recommendations."
Story,Add dashboard loading and error states,"Handle missing MongoDB, unavailable model artifacts, malformed catalog records, and refresh failures with explicit status messages and safe recovery.",High,"dashboard;reliability","Dashboard",,"Analytics Dashboard",3,1d,"Sprint 6","CM-705","CM-701;CM-702;CM-703;CM-704","Each required service failure is visible and actionable; refresh does not leave stale success messaging; healthy fallback data sources are clearly identified."
Epic,Automate and release the end-to-end product safely,"Make the Airflow workflow, local containers, automated checks, and documentation reliable enough for repeatable development and handoff.",High,"devops;quality","Platform","Orchestration Testing and Release Readiness",,,,"Backlog","CM-E08",,"Pipeline dependencies reflect data flow; container startup and health are verifiable; tests and operational instructions support a clean setup."
Story,Align Airflow task dependencies and artifact contracts,"Verify extraction, cleaning, feature engineering, MongoDB load, classification, and clustering tasks consume and produce matching paths and formats.",High,"airflow;pipeline","Platform",,"Orchestration Testing and Release Readiness",5,2d,"Sprint 3","CM-801","CM-103;CM-202;CM-301;CM-303","DAG imports successfully; downstream tasks wait for required upstream outputs; artifact paths match actual producers and consumers; task failures are surfaced."
Story,Configure actionable Airflow retries and operational notifications,"Define bounded retry behavior for transient failures, remove placeholder notification targets, and ensure task logs report run context and failure reason.",High,"airflow;operations","Platform",,"Orchestration Testing and Release Readiness",3,1d,"Sprint 4","CM-802","CM-801","Retry policy is documented and bounded; configured notification recipients come from deployment settings; a permanent error fails promptly with useful task logs."
Story,Verify Docker local setup and service health,"Check MongoDB and dashboard startup, health checks, persistent data behavior, environment variable examples, and safe defaults.",High,"docker;operations","Platform",,"Orchestration Testing and Release Readiness",3,1d,"Sprint 6","CM-803","CM-302;CM-705","Documented compose command starts required services; service readiness is observable; persisted catalog survives restart; example configuration contains no real secret."
Story,Add end-to-end pipeline and dashboard smoke checks,"Exercise a small offline fixture through cleaning and feature generation and verify dashboard data/model fallbacks without requiring TMDB access.",High,"testing;integration","Quality Engineering",,"Orchestration Testing and Release Readiness",5,2d,"Sprint 6","CM-804","CM-204;CM-303;CM-404;CM-603;CM-705;CM-801","Automated checks cover the critical pipeline handoffs and dashboard startup; checks run with documented commands; failures identify the failing boundary."
Story,Publish setup and operational runbook,"Document required environment variables, data and model artifact paths, local startup, pipeline execution, test commands, recovery steps, and known limitations.",Medium,"documentation;operations","Platform",,"Orchestration Testing and Release Readiness",3,1d,"Sprint 6","CM-805","CM-803;CM-804","A new contributor can follow the instructions from a clean checkout; all documented paths and commands are verified; secret values are represented only by placeholders."
Epic,Deliver reproducible exploratory movie analytics,"Keep the existing catalog exploration useful and reproducible with validated charts and a documented generation workflow.",Medium,"analytics;eda","Analytics","Exploratory Data Analysis",,,,"Backlog","CM-E09",,"EDA charts can be regenerated from the current feature dataset; chart inputs handle empty and missing data; generated outputs and interpretations are documented."
Story,Make EDA chart generation robust and reusable,"Validate the nine existing charts against empty, sparse, and missing-field data and ensure chart functions return figures and close resources.",Medium,"analytics;quality","Analytics",,"Exploratory Data Analysis",5,2d,"Sprint 6","CM-901","CM-301","Each chart either renders valid data or reports an actionable insufficiency; figure resources are closed after generation; chart functions do not require an interactive display."
Story,Document EDA outputs and insights,"Describe the chart generation command, output directory, covered fields, and interpretation caveats for the catalog analysis.",Low,"analytics;documentation","Analytics",,"Exploratory Data Analysis",2,1d,"Sprint 6","CM-902","CM-901","Documented command generates all expected chart files; output location and field requirements are accurate; observations are not presented as causal claims."
